/*Questions Theme #1 (All FBSQ) 10 pieces, full equipment*/

insert into question (title, level, type_id, theme_id) values ('Fill blank single question #1 T#1 (phrase = wolf)', 1, 2, 1);
insert into question (title, level, type_id, theme_id) values ('Fill blank single question #2 T#1 (phrase = bear)', 1, 2, 1);
insert into question (title, level, type_id, theme_id) values ('Fill blank single question #3 T#1 (phrase = duck)', 1, 2, 1);
insert into question (title, level, type_id, theme_id) values ('Fill blank single question #4 T#1 (phrase = cow)', 1, 2, 1);
insert into question (title, level, type_id, theme_id) values ('Fill blank single question #5 T#1 (phrase = dog)', 1, 2, 1);
insert into question (title, level, type_id, theme_id) values ('Fill blank single question #6 T#1 (phrase = lion)', 1, 2, 1);
insert into question (title, level, type_id, theme_id) values ('Fill blank single question #7 T#1 (phrase = hypo)', 1, 2, 1);
insert into question (title, level, type_id, theme_id) values ('Fill blank single question #8 T#1 (phrase = tiger)', 1, 2, 1);
insert into question (title, level, type_id, theme_id) values ('Fill blank single question #9 T#1 (phrase = cat)', 1, 2, 1);
insert into question (title, level, type_id, theme_id) values ('Fill blank single question #10 T#1 (phrase = fox)', 1, 2, 1);

insert into help(name, text, staff_id) values('Help #11 FBSQ#1 T#2', 'Please, refer to section #1 FBSQ#1 T#2', 1);
insert into question_help(question_id, help_id) values(1,1);
insert into help(name, text, staff_id) values('Help #12 FBSQ#2 T#2', 'Please, refer to section #2 FBSQ#2 T#2', 1);
insert into question_help(question_id, help_id) values(2,2);
insert into help(name, text, staff_id) values('Help #13 FBSQ#3 T#2', 'Please, refer to section #3 FBSQ#3 T#2', 1);
insert into question_help(question_id, help_id) values(3,3);
insert into help(name, text, staff_id) values('Help #14 FBSQ#4 T#2', 'Please, refer to section #4 FBSQ#4 T#2', 1);
insert into question_help(question_id, help_id) values(4,4);
insert into help(name, text, staff_id) values('Help #15 FBSQ#5 T#2', 'Please, refer to section #5 FBSQ#5 T#2', 1);
insert into question_help(question_id, help_id) values(5,5);
insert into help(name, text, staff_id) values('Help #16 FBSQ#6 T#2', 'Please, refer to section #6 FBSQ#6 T#2', 1);
insert into question_help(question_id, help_id) values(6,6);
insert into help(name, text, staff_id) values('Help #17 FBSQ#7 T#2', 'Please, refer to section #7 FBSQ#7 T#2', 1);
insert into question_help(question_id, help_id) values(7,7);
insert into help(name, text, staff_id) values('Help #18 FBSQ#8 T#2', 'Please, refer to section #8 FBSQ#8 T#2', 1);
insert into question_help(question_id, help_id) values(8,8);
insert into help(name, text, staff_id) values('Help #19 FBSQ#9 T#2', 'Please, refer to section #9 FBSQ#9 T#2', 1);
insert into question_help(question_id, help_id) values(9,9);
insert into help(name, text, staff_id) values('Help #20 FBSQ#100 T#2', 'Please, refer to section #10 FBSQ#10 T#2', 1);
insert into question_help(question_id, help_id) values(10,10);

insert into resource (hyperlink, description, staff_id) values('https://image.slidesharecdn.com/phraseResource-#51-FBSQ#1-T#2.jpg', 'Resource #51 FBSQ#1 T#2', 1);
insert into question_resource(question_id, resource_id) values(1, 1);
insert into resource (hyperlink, description, staff_id) values('https://image.slidesharecdn.com/phraseResource-#52-FBSQ#2-T#2.jpg', 'Resource #51 FBSQ#2 T#2', 1);
insert into question_resource(question_id, resource_id) values(2, 2);
insert into resource (hyperlink, description, staff_id) values('https://image.slidesharecdn.com/phraseResource-#53-FBSQ#3-T#2.jpg', 'Resource #51 FBSQ#3 T#2', 1);
insert into question_resource(question_id, resource_id) values(3, 3);
insert into resource (hyperlink, description, staff_id) values('https://image.slidesharecdn.com/phraseResource-#54-FBSQ#4-T#2.jpg', 'Resource #51 FBSQ#4 T#2', 1);
insert into question_resource(question_id, resource_id) values(4, 4);
insert into resource (hyperlink, description, staff_id) values('https://image.slidesharecdn.com/phraseResource-#55-FBSQ#5-T#2.jpg', 'Resource #51 FBSQ#5 T#2', 1);
insert into question_resource(question_id, resource_id) values(5, 5);
insert into resource (hyperlink, description, staff_id) values('https://image.slidesharecdn.com/phraseResource-#56-FBSQ#6-T#2.jpg', 'Resource #51 FBSQ#6 T#2', 1);
insert into question_resource(question_id, resource_id) values(6, 6);
insert into resource (hyperlink, description, staff_id) values('https://image.slidesharecdn.com/phraseResource-#57-FBSQ#7-T#2.jpg', 'Resource #51 FBSQ#7 T#2', 1);
insert into question_resource(question_id, resource_id) values(7, 7);
insert into resource (hyperlink, description, staff_id) values('https://image.slidesharecdn.com/phraseResource-#58-FBSQ#8-T#2.jpg', 'Resource #51 FBSQ#8 T#2', 1);
insert into question_resource(question_id, resource_id) values(8, 8);
insert into resource (hyperlink, description, staff_id) values('https://image.slidesharecdn.com/phraseResource-#59-FBSQ#9-T#2.jpg', 'Resource #51 FBSQ#9 T#2', 1);
insert into question_resource(question_id, resource_id) values(9, 9);
insert into resource (hyperlink, description, staff_id) values('https://image.slidesharecdn.com/phraseResource-#60-FBSQ#10-T#2.jpg', 'Resource #51 FBSQ#10 T#2', 1);
insert into question_resource(question_id, resource_id) values(10, 10);

insert into answer_fbsq(answer_id, set_id) values(1, 1);
insert into answer_fbsq(answer_id, set_id) values(2, 1);
insert into answer_fbsq(answer_id, set_id) values(3, 1);
insert into answer_fbsq(answer_id, set_id) values(4, 1);
insert into answer_fbsq(answer_id, set_id) values(5, 1);
insert into answer_fbsq(answer_id, set_id) values(6, 1);
insert into answer_fbsq(answer_id, set_id) values(7, 1);
insert into answer_fbsq(answer_id, set_id) values(8, 1);
insert into answer_fbsq(answer_id, set_id) values(9, 1);
insert into answer_fbsq(answer_id, set_id) values(10, 1);

insert into phrase(phrase, staff_id, last_used) values('wolf', 1, '2018-07-18 10:30:15.999999999');
insert into fbsq_phrase(phrase_id, answer_id) values(1, 1);
insert into phrase(phrase, staff_id, last_used) values('wolf+', 1, '2018-07-18 10:30:15.999999999');
insert into fbsq_phrase(phrase_id, answer_id) values(2, 1);
insert into phrase(phrase, staff_id, last_used) values('wolf-', 1, '2018-07-18 10:30:15.999999999');
insert into fbsq_phrase(phrase_id, answer_id) values(3, 1);

insert into phrase(phrase, staff_id, last_used) values('bear', 1, '2018-07-18 10:30:15.999999999');
insert into fbsq_phrase(phrase_id, answer_id) values(4, 2);
insert into phrase(phrase, staff_id, last_used) values('bear+', 1, '2018-07-18 10:30:15.999999999');
insert into fbsq_phrase(phrase_id, answer_id) values(5, 2);
insert into phrase(phrase, staff_id, last_used) values('bear-', 1, '2018-07-18 10:30:15.999999999');
insert into fbsq_phrase(phrase_id, answer_id) values(6, 2);

insert into phrase(phrase, staff_id, last_used) values('duck', 1, '2018-07-18 10:30:15.999999999');
insert into fbsq_phrase(phrase_id, answer_id) values(7, 3);
insert into phrase(phrase, staff_id, last_used) values('duck+', 1, '2018-07-18 10:30:15.999999999');
insert into fbsq_phrase(phrase_id, answer_id) values(8, 3);
insert into phrase(phrase, staff_id, last_used) values('duck-', 1, '2018-07-18 10:30:15.999999999');
insert into fbsq_phrase(phrase_id, answer_id) values(9, 3);

insert into phrase(phrase, staff_id, last_used) values('cow', 1, '2018-07-18 10:30:15.999999999');
insert into fbsq_phrase(phrase_id, answer_id) values(10, 4);
insert into phrase(phrase, staff_id, last_used) values('cow+', 1, '2018-07-18 10:30:15.999999999');
insert into fbsq_phrase(phrase_id, answer_id) values(11, 4);
insert into phrase(phrase, staff_id, last_used) values('cow-', 1, '2018-07-18 10:30:15.999999999');
insert into fbsq_phrase(phrase_id, answer_id) values(12, 4);

insert into phrase(phrase, staff_id, last_used) values('dog', 1, '2018-07-18 10:30:15.999999999');
insert into fbsq_phrase(phrase_id, answer_id) values(13, 5);
insert into phrase(phrase, staff_id, last_used) values('dog+', 1, '2018-07-18 10:30:15.999999999');
insert into fbsq_phrase(phrase_id, answer_id) values(14, 5);
insert into phrase(phrase, staff_id, last_used) values('dog-', 1, '2018-07-18 10:30:15.999999999');
insert into fbsq_phrase(phrase_id, answer_id) values(15, 5);

insert into phrase(phrase, staff_id, last_used) values('lion', 1, '2018-07-18 10:30:15.999999999');
insert into fbsq_phrase(phrase_id, answer_id) values(16, 6);
insert into phrase(phrase, staff_id, last_used) values('lion+', 1, '2018-07-18 10:30:15.999999999');
insert into fbsq_phrase(phrase_id, answer_id) values(17, 6);
insert into phrase(phrase, staff_id, last_used) values('lion-', 1, '2018-07-18 10:30:15.999999999');
insert into fbsq_phrase(phrase_id, answer_id) values(18, 6);

insert into phrase(phrase, staff_id, last_used) values('hypo', 1, '2018-07-18 10:30:15.999999999');
insert into fbsq_phrase(phrase_id, answer_id) values(19, 7);
insert into phrase(phrase, staff_id, last_used) values('hypo+', 1, '2018-07-18 10:30:15.999999999');
insert into fbsq_phrase(phrase_id, answer_id) values(20, 7);
insert into phrase(phrase, staff_id, last_used) values('hypo-', 1, '2018-07-18 10:30:15.999999999');
insert into fbsq_phrase(phrase_id, answer_id) values(21, 7);

insert into phrase(phrase, staff_id, last_used) values('tiger', 1, '2018-07-18 10:30:15.999999999');
insert into fbsq_phrase(phrase_id, answer_id) values(22, 8);
insert into phrase(phrase, staff_id, last_used) values('tiger+', 1, '2018-07-18 10:30:15.999999999');
insert into fbsq_phrase(phrase_id, answer_id) values(23, 8);
insert into phrase(phrase, staff_id, last_used) values('tiger-', 1, '2018-07-18 10:30:15.999999999');
insert into fbsq_phrase(phrase_id, answer_id) values(24, 8);

insert into phrase(phrase, staff_id, last_used) values('cat', 1, '2018-07-18 10:30:15.999999999');
insert into fbsq_phrase(phrase_id, answer_id) values(25, 9);
insert into phrase(phrase, staff_id, last_used) values('cat+', 1, '2018-07-18 10:30:15.999999999');
insert into fbsq_phrase(phrase_id, answer_id) values(26, 9);
insert into phrase(phrase, staff_id, last_used) values('cat-', 1, '2018-07-18 10:30:15.999999999');
insert into fbsq_phrase(phrase_id, answer_id) values(27, 9);

insert into phrase(phrase, staff_id, last_used) values('fox', 1, '2018-07-18 10:30:15.999999999');
insert into fbsq_phrase(phrase_id, answer_id) values(28, 10);
insert into phrase(phrase, staff_id, last_used) values('fox+', 1, '2018-07-18 10:30:15.999999999');
insert into fbsq_phrase(phrase_id, answer_id) values(29, 10);
insert into phrase(phrase, staff_id, last_used) values('fox-', 1, '2018-07-18 10:30:15.999999999');
insert into fbsq_phrase(phrase_id, answer_id) values(30, 10);